<?xml version="1.0" encoding="UTF-8"?>
<project-private xmlns="http://www.netbeans.org/ns/project-private/1">
    <editor-bookmarks xmlns="http://www.netbeans.org/ns/editor-bookmarks/2" lastBookmarkId="0"/>
    <open-files xmlns="http://www.netbeans.org/ns/projectui-open-files/2">
        <group>
            <file>file:/C:/xampp/htdocs/bank/index.php</file>
            <file>file:/C:/xampp/htdocs/bank/home.php</file>
            <file>file:/C:/xampp/htdocs/bank/singin.php</file>
            <file>file:/C:/xampp/htdocs/bank/test3.php</file>
            <file>file:/C:/xampp/htdocs/bank/test.php</file>
            <file>file:/C:/xampp/htdocs/bank/DB.php</file>
            <file>file:/C:/xampp/htdocs/bank/singinup.php</file>
            <file>file:/C:/xampp/htdocs/bank/ping.php</file>
            <file>file:/C:/xampp/htdocs/bank/test1.php</file>
            <file>file:/C:/xampp/htdocs/bank/test2.php</file>
            <file>file:/C:/xampp/htdocs/bank/header.php</file>
            <file>file:/C:/xampp/htdocs/bank/new_customer.php</file>
            <file>file:/C:/xampp/htdocs/bank/index1.php</file>
            <file>file:/C:/xampp/htdocs/bank/recodes.php</file>
            <file>file:/C:/xampp/htdocs/bank/employ.php</file>
            <file>file:/C:/xampp/htdocs/bank/edite.php</file>
            <file>file:/C:/xampp/htdocs/bank/mobile.php</file>
        </group>
    </open-files>
</project-private>
